\(\varepsilon\),n,\(x_1(0)\),\(x_2(0)\),\(x_1(\infty)\),\(error\)
1.0e-05,24,1.94785723,-1.54580442,0.99999873,2.401e-02
1.0e-07,65,1.94839129,-1.54623105,1.00000008,5.405e-04
1.0e-09,167,1.94847822,-1.54630020,1.00000000,4.118e-05
