\(\alpha\),\(\beta\),\(x_1(0)\),\(x_2(\beta)\),\(error\)
1.0,1.0,0.60653066,1.00000000,8.282e-10
1.0,5.0,0.00000075,1.00000000,5.047e-08
0.01,1.0,0.00000175,1.00000000,4.114e-08
0.01,5.0,-,-,-
